onset	duration	trial_type	value	sample
30.336000000000002	5.25	Noise	2	158
53.568000000000005	5.25	Control	1	279
74.88000000000001	5.25	Control	1	390
93.69600000000001	5.25	Speech	3	488
117.504	5.25	Speech	3	612
139.584	5.25	Control	1	727
156.288	5.25	Noise	2	814
176.83200000000002	5.25	Noise	2	921
192.38400000000001	5.25	Control	1	1002
209.66400000000002	5.25	Control	1	1092
230.20800000000003	5.25	Noise	2	1199
254.20800000000003	5.25	Speech	3	1324
279.552	5.25	Speech	3	1456
296.64000000000004	5.25	Noise	2	1545
315.264	5.25	Speech	3	1642
339.456	5.25	Control	1	1768
362.49600000000004	5.25	Control	1	1888
381.88800000000003	5.25	Speech	3	1989
402.048	5.25	Control	1	2094
418.752	5.25	Control	1	2181
439.488	5.25	Noise	2	2289
454.656	5.25	Noise	2	2368
477.312	5.25	Speech	3	2486
497.66400000000004	5.25	Control	1	2592
516.48	5.25	Control	1	2690
532.032	5.25	Speech	3	2771
547.5840000000001	5.25	Speech	3	2852
565.6320000000001	5.25	Control	1	2946
586.5600000000001	5.25	Control	1	3055
610.9440000000001	5.25	Control	1	3182
628.9920000000001	5.25	Speech	3	3276
653.952	5.25	Speech	3	3406
678.912	5.25	Speech	3	3536
699.072	5.25	Noise	2	3641
720.96	5.25	Noise	2	3755
739.392	5.25	Noise	2	3851
754.7520000000001	5.25	Noise	2	3931
777.408	5.25	Noise	2	4049
798.912	5.25	Noise	2	4161
821.5680000000001	5.25	Noise	2	4279
838.6560000000001	5.25	Control	1	4368
857.6640000000001	5.25	Control	1	4467
875.3280000000001	5.25	Noise	2	4559
894.144	5.25	Speech	3	4657
915.84	5.25	Noise	2	4770
935.2320000000001	5.25	Speech	3	4871
959.6160000000001	5.25	Speech	3	4998
978.24	5.25	Control	1	5095
998.4000000000001	5.25	Speech	3	5200
1020.096	5.25	Speech	3	5313
1042.1760000000002	5.25	Noise	2	5428
1064.64	5.25	Speech	3	5545
1084.2240000000002	5.25	Control	1	5647
1099.392	5.25	Noise	2	5726
1115.136	5.25	Control	1	5808
1134.72	5.25	Noise	2	5910
1156.8	5.25	Speech	3	6025
1178.88	5.25	Control	1	6140
1203.0720000000001	5.25	Noise	2	6266
1218.432	5.25	Speech	3	6346
