onset	duration	trial_type	value	sample
26.496000000000002	5.25	Noise	2	138
51.264	5.25	Speech	3	267
71.808	5.25	Speech	3	374
93.888	5.25	Speech	3	489
115.77600000000001	5.25	Noise	2	603
134.4	5.25	Noise	2	700
156.48000000000002	5.25	Control	1	815
175.68	5.25	Control	1	915
194.68800000000002	5.25	Speech	3	1014
216.0	5.25	Control	1	1125
233.66400000000002	5.25	Noise	2	1217
253.44000000000003	5.25	Control	1	1320
272.25600000000003	5.25	Speech	3	1418
289.92	5.25	Noise	2	1510
307.20000000000005	5.25	Noise	2	1600
325.632	5.25	Speech	3	1696
342.91200000000003	5.25	Control	1	1786
364.03200000000004	5.25	Speech	3	1896
388.992	5.25	Control	1	2026
411.264	5.25	Noise	2	2142
435.072	5.25	Speech	3	2266
452.92800000000005	5.25	Control	1	2359
471.744	5.25	Control	1	2457
491.52000000000004	5.25	Speech	3	2560
511.872	5.25	Control	1	2666
527.0400000000001	5.25	Speech	3	2745
549.888	5.25	Speech	3	2864
571.5840000000001	5.25	Speech	3	2977
591.168	5.25	Speech	3	3079
613.8240000000001	5.25	Noise	2	3197
633.984	5.25	Speech	3	3302
649.7280000000001	5.25	Speech	3	3384
671.616	5.25	Noise	2	3498
694.08	5.25	Control	1	3615
717.12	5.25	Noise	2	3735
734.2080000000001	5.25	Noise	2	3824
752.0640000000001	5.25	Noise	2	3917
774.528	5.25	Control	1	4034
789.696	5.25	Speech	3	4113
809.2800000000001	5.25	Noise	2	4215
832.32	5.25	Noise	2	4335
856.8960000000001	5.25	Control	1	4463
876.864	5.25	Control	1	4567
896.4480000000001	5.25	Control	1	4669
913.9200000000001	5.25	Noise	2	4760
938.8800000000001	5.25	Noise	2	4890
956.7360000000001	5.25	Speech	3	4983
973.44	5.25	Control	1	5070
988.416	5.25	Control	1	5148
1006.272	5.25	Control	1	5241
1025.856	5.25	Speech	3	5343
1043.136	5.25	Noise	2	5433
1063.296	5.25	Control	1	5538
1084.6080000000002	5.25	Control	1	5649
1101.5040000000001	5.25	Speech	3	5737
1124.928	5.25	Speech	3	5859
1150.0800000000002	5.25	Noise	2	5990
1170.432	5.25	Noise	2	6096
1191.3600000000001	5.25	Noise	2	6205
1210.944	5.25	Control	1	6307
